{"assets":{"BTC":4.467e-05,"ETH":0.0036649,"MIRA":20.16433716},"peaks":{"USDT":1.0,"BTC":109544.28,"ETH":4019.15,"MIRA":1.4843,"SOL":201.27},"portfolio_peak":50.090361152963,"ts":1758961926287}
