{"assets":{"BTC":0.00035203,"USDT":6.80284832},"peaks":{"USDT":1.0,"BTC":113924.37,"ETH":4019.15,"MIRA":1.4843,"SOL":201.27},"portfolio_peak":50.090361152963,"ts":1759232468112}