{"assets":{"USDT":46.80284836},"peaks":{"USDT":1.0,"BTC":109544.28,"ETH":4019.15,"MIRA":1.4843,"SOL":201.27},"portfolio_peak":50.090361152963,"ts":1759146436054}