{
  "USDT": 0.28737365,
  "TRX": 24.27176207,
  "XRP": 9.99,
  "AMB": 0.73296445,
  "ADA": 15.3546002,
  "HBAR": 89.91,
  "GFT": 74.925,
  "PEPE": 149850.0,
  "1000SATS": 9990.0,
  "STRK": 7.96285479,
  "NOT": 89.87,
  "TRUMP": 1.5
}
